study_hours,sleep_hours,phone_hours,breaks,exercise_hours,focus_level,stress_level,attendance,efficiency
2,5,6,8,0.2,3,8,65,38
3,6,5,6,0.5,4,7,70,47
4,7,4,5,0.8,5,6,75,56
5,7,3,4,1,7,5,82,69
6,8,2,3,1,8,3,90,82
7,8,1.5,3,1.2,9,2,94,90
8,7.5,1,2,1.5,9,2,96,94
1,5,7,10,0,2,9,55,25
2.5,6,6,7,0.3,3,8,60,35
3.5,7,5,6,0.5,5,7,72,51
4.5,7,4,5,0.7,6,6,78,62
5.5,8,2.5,4,1,8,4,88,78
6.5,8,2,3,1.2,9,3,92,87
7.5,8,1,2,1.5,10,1,97,95
3,5.5,5.5,8,0.2,3,8,68,40
4,6.5,4.5,6,0.5,5,6,76,55
5,7.5,3.5,4,0.8,7,5,84,70
6,8,2,3,1,8,3,91,84
2,6,6.5,9,0.1,2,9,58,30
4.5,8,3,5,1,7,4,86,68